{   
    "diffusion_config":{
        "T": 200,
        "beta_0": 0.0001,
        "beta_T": 0.02
    },
    "wavenet_config": {
        "in_channels": 2, 
        "out_channels":2,
        "num_res_layers": 36,
        "res_channels": 256, 
        "skip_channels": 256,
        "diffusion_step_embed_dim_in": 128,
        "diffusion_step_embed_dim_mid": 512,
        "diffusion_step_embed_dim_out": 512,
        "s4_lmax": 672,
        "s4_d_state":64,
        "s4_dropout":0.0,
        "s4_bidirectional":1,
        "s4_layernorm":1
    },
    "train_config": {
        "output_directory": "./results/forecastUnconditional",
        "ckpt_iter": "max",
        "iters_per_ckpt": 10000,
        "iters_per_logging": 1000,
        "n_iters": 500000,
        "learning_rate": 2e-4,
        "only_generate_missing": 1,
        "use_model": 2,
        "missing_k": 24,
        "batch_size": 6,
        "forecast_window": 168
    },
    "trainset_config":{
        "train_data_path": "",
        "test_data_path": "",
        "segment_length":672,
        "sampling_rate": 200
    },
    "gen_config":{
        "output_directory": "./results/forecastUnconditional",
        "ckpt_path": "./results/forecastUnconditional"
    }
}
